muser101,m101@yopmail.com,2223188790
muser102,m102@yopmail.com,4614691178
muser103,m103@yopmail.com,2421125440
muser104,m104@yopmail.com,6363767550
muser105,m105@yopmail.com,6837194999
muser106,m106@yopmail.com,2230224955
muser107,m107@yopmail.com,1657194209
muser108,m108@yopmail.com,7444372541
muser109,m109@yopmail.com,7480204621
muser110,m110@yopmail.com,1683634576
muser111,m111@yopmail.com,5275292614
muser112,m112@yopmail.com,8358280985
muser113,m113@yopmail.com,3088223848
muser114,m114@yopmail.com,6698879046
muser115,m115@yopmail.com,4065723525
muser116,m116@yopmail.com,9754511267
muser117,m117@yopmail.com,9486891663
muser118,m118@yopmail.com,7235989581
muser119,m119@yopmail.com,9269696608
muser120,m120@yopmail.com,7119748932
muser121,m121@yopmail.com,4855046187
muser122,m122@yopmail.com,8065794929
muser123,m123@yopmail.com,7461749012
muser124,m124@yopmail.com,6997024267
muser125,m125@yopmail.com,9452757311
muser126,m126@yopmail.com,3637435689
muser127,m127@yopmail.com,2956395935
muser128,m128@yopmail.com,9413192396
muser129,m129@yopmail.com,1945855230
muser130,m130@yopmail.com,4883192371
muser131,m131@yopmail.com,8696046090
muser132,m132@yopmail.com,4784746267
muser133,m133@yopmail.com,6908986562
muser134,m134@yopmail.com,9855164447
muser135,m135@yopmail.com,1827206769
muser136,m136@yopmail.com,8821491220
muser137,m137@yopmail.com,6339230821
muser138,m138@yopmail.com,1338326672
muser139,m139@yopmail.com,6422017357
muser140,m140@yopmail.com,8197617498
muser141,m141@yopmail.com,5262305386
muser142,m142@yopmail.com,2834497177
muser143,m143@yopmail.com,9052136467
muser144,m144@yopmail.com,7009696750
muser145,m145@yopmail.com,7763393661
muser146,m146@yopmail.com,1561747043
muser147,m147@yopmail.com,9172016909
muser148,m148@yopmail.com,6291136835
muser149,m149@yopmail.com,4024625440
muser150,m150@yopmail.com,8363783495
muser151,m151@yopmail.com,4518599241
muser152,m152@yopmail.com,3102625990
muser153,m153@yopmail.com,8201240510
muser154,m154@yopmail.com,4673836098
muser155,m155@yopmail.com,1984455367
muser156,m156@yopmail.com,7968095915
muser157,m157@yopmail.com,9218469903
muser158,m158@yopmail.com,5927581250
muser159,m159@yopmail.com,2671412176
muser160,m160@yopmail.com,9675737186
muser161,m161@yopmail.com,4821160957
muser162,m162@yopmail.com,5069629849
muser163,m163@yopmail.com,2081687842
muser164,m164@yopmail.com,7713595933
muser165,m165@yopmail.com,3458181731
muser166,m166@yopmail.com,3048117399
muser167,m167@yopmail.com,3653572328
muser168,m168@yopmail.com,9859285828
muser169,m169@yopmail.com,6833634885
muser170,m170@yopmail.com,2441919746
muser171,m171@yopmail.com,1098681265
muser172,m172@yopmail.com,2693343677
muser173,m173@yopmail.com,6206910754
muser174,m174@yopmail.com,4615031499
muser175,m175@yopmail.com,4247816590
muser176,m176@yopmail.com,4055762486
muser177,m177@yopmail.com,9773612312
muser178,m178@yopmail.com,8042635894
muser179,m179@yopmail.com,5362464243
muser180,m180@yopmail.com,2715230767
muser181,m181@yopmail.com,3709384263
muser182,m182@yopmail.com,7703397725
muser183,m183@yopmail.com,1118960888
muser184,m184@yopmail.com,6770611864
muser185,m185@yopmail.com,3708673656
muser186,m186@yopmail.com,6682511111
muser187,m187@yopmail.com,7722358302
muser188,m188@yopmail.com,1554192553
muser189,m189@yopmail.com,5100458188
muser190,m190@yopmail.com,8380031518
muser191,m191@yopmail.com,8857021738
muser192,m192@yopmail.com,7056233288
muser193,m193@yopmail.com,1872970504
muser194,m194@yopmail.com,4969026690
muser195,m195@yopmail.com,3430988434
muser196,m196@yopmail.com,4140349937
muser197,m197@yopmail.com,4189449071
muser198,m198@yopmail.com,6998074354
muser199,m199@yopmail.com,7321119423
muser200,m200@yopmail.com,5069261742